method,total_cost,peak_kw,peak_reduction_pct,completion_rate_pct,constraint_violations,bess_efc,degr_cost,v2g_revenue,ev_discharge_kwh,mean_solve_time,max_solve_time,seed
nominal,-172.33574759076117,105.62801376322497,3.997731170050284,100.0,0,2.003501285,0.3205602056000001,90.28201549612228,291.45000001875087,0.13768601417541504,0.19074797630310059,1
nominal,-152.87899300388105,99.57416701527978,10.410794863436454,100.0,0,2.0187188359285715,0.32299501377333345,86.5587295636258,286.9749999999941,0.10385274887084961,0.12789392471313477,2
nominal,-152.19106622563368,98.20868549631717,10.811284282445738,100.0,0,2.0187188356428574,0.3229950137266668,83.24381320609731,274.47500000000355,0.12343573570251465,0.14005684852600098,3
nominal,-112.66408154903226,91.59564242715646,-1.9731715669697398,100.0,0,2.0187188395,0.3229950142333335,90.89058455907245,292.9499999866348,0.11248779296875,0.13415241241455078,4
nominal,-136.71586581939715,93.6679126415491,5.908211956199119,100.0,0,2.0187188369499998,0.3229950139120001,91.30304130792625,294.56374999000315,0.1238945722579956,0.15453672409057617,5
nominal,-110.27892785500916,91.74476358698143,6.049359375375779,100.0,0,2.0187188363,0.32299501377333345,85.9011013191468,288.35,0.11863362789154053,0.13935136795043945,6
nominal,-175.84672953972049,110.08464005752546,7.45971067134297,100.0,0,2.0187188362749997,0.32299501380400003,98.60491108406544,323.5249999999936,0.1100231409072876,0.13966035842895508,7
nominal,-131.98489693351925,96.11659893149672,-5.493369718927948,100.0,0,2.018718837583333,0.32299501402000014,89.88872455784764,299.3500000187491,0.1372615098953247,0.15880513191223145,8
nominal,-112.7128707337003,95.46260007503592,8.98406919001,100.0,0,2.01871883606,0.32299501376066686,94.92160373536538,313.23874999999975,0.13341987133026123,0.15287160873413086,9
nominal,-115.63518941944245,92.51193972448522,19.926604405783237,100.0,0,2.01871883528,0.322995013644,92.13502921614806,295.92499999999944,0.1314908266067505,0.1617579460144043,10
nominal,-114.99822689885653,91.3414912378546,17.40628247364577,100.0,0,2.0187188374,0.32299501396000013,91.01451200769321,299.48874999999856,0.13020694255828857,0.15879082679748535,11
nominal,-111.57176664562422,92.49413264232203,11.669260167945676,100.0,0,2.0187188360999997,0.3229950138133335,89.56479522825026,297.72499999662955,0.13827133178710938,0.14173293113708496,12
nominal,-149.9678130304593,100.68260861494952,-3.792195935697492,100.0,0,2.018718837357143,0.3229950139866668,86.95524035826506,287.64999999162774,0.11492025852203369,0.1367511749267578,13
nominal,-94.95985142526615,85.56830286654228,17.20752124494983,100.0,0,2.0187188381875,0.32299501411000014,88.88877013345054,290.2249999966289,0.11949622631072998,0.14672088623046875,14
nominal,-169.06813498256435,103.67290517398348,-20.3678544614903,100.0,0,2.004375758125,0.3207001213000002,83.86855136568511,275.7499999866336,0.10976874828338623,0.1339890956878662,15
nominal,-147.78944617497098,99.21193796943072,-15.792174754851953,100.0,0,2.011544038592857,0.32165571826300005,83.11555364734349,275.2000000187491,0.10232710838317871,0.12092351913452148,16
nominal,-148.28493255613714,99.42690311315856,-25.361239837978555,100.0,0,2.0187188372142857,0.3229950139666668,81.78604522924523,273.0249999950006,0.10377192497253418,0.12448668479919434,17
nominal,-109.84296241931673,90.79112912482589,11.294710070550984,100.0,0,2.0187188379,0.32299501400666675,83.71939320141917,281.74999999999943,0.10550129413604736,0.12165474891662598,18
nominal,-119.26693373054503,93.09544757734706,1.0836069181564496,100.0,0,2.0187188371900002,0.32299501393200014,101.07826169868723,324.1500000087567,0.10484480857849121,0.12153816223144531,19
nominal,-133.06987771139003,93.57590802435179,7.822078190902466,100.0,0,2.018718836091667,0.3229950137746668,84.6625556398558,275.5749999950018,0.11888980865478516,0.13540148735046387,20
unaware,-171.9044247849311,105.62801385048506,3.997731090742093,90.0,1,2.0035012834374997,0.3205602053500001,89.85069246602697,289.8465708187497,0.10915350914001465,0.13248252868652344,1
unaware,-152.91258334945206,99.5741669489608,10.410794923105199,80.0,2,2.023460442142857,0.32388011362000024,85.39438383086295,281.88702289,0.1100844144821167,0.11920905113220215,2
unaware,-153.2155120574504,98.40122272326923,10.63643062349602,90.0,1,2.018718837642857,0.3229950140366668,84.58057087580278,279.7840699500024,0.1576293706893921,0.2149674892425537,3
unaware,-114.37452969687172,91.59564245287696,-1.9731715956042957,80.0,2,2.0202506623999996,0.32330137892000016,90.56732572986485,291.7628041966301,0.12710487842559814,0.15251970291137695,4
unaware,-136.35966195797843,93.6679126415491,5.908211956199119,80.0,2,2.0187188370833336,0.3229950139333335,90.65975105824884,291.4407348449994,0.14073944091796875,0.16643953323364258,5
unaware,-112.44369064535756,91.94033608960584,5.849084600099877,90.0,1,2.0293156118,0.32440791717333345,86.21255229410885,289.41205715,0.13518941402435303,0.15180563926696777,6
unaware,-175.89744801973546,110.0846400146936,7.459710707348651,90.0,1,2.0187188369125,0.3229950139060001,98.65563041456568,323.806227044993,0.11276209354400635,0.1419997215270996,7
unaware,-132.56018720240783,95.36496672998406,-4.668411131043045,80.0,2,2.0187188348333334,0.32299501368000016,89.60375953927593,298.2915645187479,0.12559998035430908,0.15203475952148438,8
unaware,-113.62880436306301,95.36644291748127,9.07574732565685,80.0,2,2.0187188366999997,0.3229950138333334,95.48363565688699,316.1873793999989,0.1380070447921753,0.17199420928955078,9
unaware,-114.54586573679448,92.51193972375962,19.92660440641127,70.0,3,2.0187188360999997,0.3229950137466668,91.04570620973954,292.0080959549994,0.1333101987838745,0.15518689155578613,10
unaware,-115.6659827655712,91.34149125641807,17.406282456860126,90.0,1,2.0187188383,0.32299501410666676,91.6822689511808,302.3164653794977,0.11966311931610107,0.14805912971496582,11
unaware,-112.94109616488787,92.2999715465896,11.854681585961117,60.0,4,2.0205741201,0.32336607050666677,90.28454914525975,301.1934434466289,0.1239699125289917,0.14638400077819824,12
unaware,-150.28610954585892,100.58635814584595,-3.692972766120052,80.0,2,2.0173891332142855,0.32274680254666677,86.94976093647068,287.64999999162774,0.11829161643981934,0.148390531539917,13
unaware,-95.73657926901286,85.76354874596313,17.0186091153126,90.0,1,2.0308278569500002,0.3249324571120002,88.59356793199896,289.1267413,0.1240377426147461,0.14156460762023926,14
unaware,-170.075536833235,103.67290517398348,-20.3678544614903,90.0,1,2.0133337356250003,0.3221333977000001,83.94546611319069,276.03114599000236,0.15311849117279053,0.20471835136413574,15
unaware,-147.53528907939625,99.21193797561108,-15.792174762065168,90.0,1,2.0115440390357144,0.32165571833833345,82.86139658693608,273.3582721687497,0.12665164470672607,0.15188217163085938,16
unaware,-146.94803622454612,99.68237519348227,-25.683348801755887,80.0,2,2.018931757764286,0.32303475916933344,81.55127344530119,271.75757294999823,0.12640225887298584,0.15258026123046875,17
unaware,-111.37078266928701,91.15765268197451,10.936607040924144,80.0,2,2.0275384472,0.32475893584000004,84.25096004142155,283.69303299999945,0.12511301040649414,0.1505265235900879,18
unaware,-119.23815832191231,93.0954473859526,1.083607121518165,70.0,3,2.01871883729,0.32299501391200014,101.04948625052062,324.8193775187555,0.11938631534576416,0.1371593475341797,19
unaware,-133.02144585408138,93.57590795281196,7.82207826137352,90.0,1,2.018718835675,0.3229950137080001,84.6141237364621,275.60759954500236,0.13179266452789307,0.16122817993164062,20
reactive,-169.8882158739486,105.99058696189218,3.66819880028511,90.0,1,1.9639756601875,0.31423610563000015,89.85069246602697,289.8465708187497,0.11386919021606445,0.13426828384399414,1
reactive,-150.66592106199275,100.29931324083097,9.75836385746137,80.0,2,1.9895813369285715,0.3175560139433334,85.39438383086295,281.88702289,0.11246347427368164,0.13698148727416992,2
reactive,-151.4394066035746,99.49478979927208,9.643302138303605,90.0,1,2.0187188357807146,0.32299501374240003,84.58057087580278,279.7840699500024,0.12465965747833252,0.14046740531921387,3
reactive,-113.19679119178389,92.32078856954898,-2.780474731507565,80.0,2,2.02025066163,0.3233013787506668,90.56732572986485,291.7628041966301,0.1307607889175415,0.15482330322265625,4
reactive,-135.1724257486503,94.39890655244227,5.173910078583024,80.0,2,2.0187188351666667,0.32299501362666677,90.65975105824884,291.4407348449994,0.1769564151763916,0.23368024826049805,5
reactive,-111.37431132047837,91.94033608960584,5.849084600099877,90.0,1,1.9818848625,0.3180838173333335,86.21255229410885,289.41205715,0.1262890100479126,0.1414330005645752,6
reactive,-175.89744801973546,110.0846400146936,7.459710707348651,90.0,1,2.0187188369125,0.3229950139060001,98.65563041456568,323.806227044993,0.12696802616119385,0.16117453575134277,7
reactive,-129.78639752132108,95.80356309975221,-5.149795298894296,90.0,1,1.9660180045833333,0.31667091395000013,89.60375953927593,298.2915645187479,0.12397515773773193,0.1529073715209961,8
reactive,-111.85269844795589,96.33813078215884,8.149320899067945,80.0,2,2.018718839,0.3229950142266668,95.48363565688699,316.1873793999989,0.1338815689086914,0.1659696102142334,9
reactive,-112.77141612195649,93.16691043915131,19.35969672560405,80.0,2,1.987098338,0.3166709141333334,91.04570620973954,292.0080959549994,0.11917471885681152,0.14483642578125,10
reactive,-114.00774773540411,91.7040642378546,17.07843308626603,90.0,1,1.9712880881000001,0.31667091401333347,91.6822689511808,302.3164653794977,0.11085033416748047,0.1372389793395996,11
reactive,-110.89907946588167,93.17716452238139,11.016973265296068,70.0,3,2.0205741209999997,0.3233660705933334,90.11832864379187,300.3949950966289,0.10789990425109863,0.12297272682189941,12
reactive,-149.69724028631217,100.94893132373204,-4.066744034444082,90.0,1,2.017389133,0.3227468024966668,86.94976093647068,287.64999999162774,0.11978423595428467,0.135603666305542,13
reactive,-93.83812267621963,86.49454274596313,16.311328461289804,90.0,1,1.9913022311250002,0.3186083569800002,88.59356793199896,289.1267413,0.1310126781463623,0.15704607963562012,14
reactive,-168.0593281230017,104.03547823138223,-20.788814411743356,90.0,1,1.9738081113125,0.31580929781000017,83.94546611319069,276.03114599000236,0.11857056617736816,0.14615106582641602,15
reactive,-146.348052726819,99.94293210207243,-16.64533216800218,90.0,1,2.0115440387142858,0.3216557182600001,82.86139658693608,273.3582721687497,0.11384451389312744,0.1347510814666748,16
reactive,-145.05795590856283,100.84611811315857,-27.150640356610538,90.0,1,2.0189317568357144,0.3230347589960001,81.55127344530119,271.75757294999823,0.15616071224212646,0.15996170043945312,17
reactive,-109.47291115875143,91.8886468970825,10.222406717467951,80.0,2,1.9959179493,0.3184348362800001,84.25096004142155,283.69303299999945,0.12215650081634521,0.1506516933441162,18
reactive,-118.17439474056846,93.75041821713785,0.3876831651846981,70.0,3,2.01871883449,0.3229950134920001,101.04948625052062,324.8193775187555,0.11898922920227051,0.13771486282348633,19
reactive,-131.95252213093127,93.57590781902773,7.822078393159064,90.0,1,1.9791932123416667,0.31667091397466673,84.6141237364621,275.60759954500236,0.12257266044616699,0.15212273597717285,20
rebs,-163.9200118168444,106.61605267377544,3.0997309736465053,100.0,0,1.919290869125,0.3070865390599999,90.11879575493504,290.8357466865,0.12377762794494629,0.14959931373596191,1
rebs,-144.66897109999775,101.22276366055995,8.92751393356645,100.0,0,1.9350295177266286,0.3079243655389705,86.00283571332011,284.323328075,0.12035048007965088,0.14604806900024414,2
rebs,-149.61643814554603,99.75393166035319,9.40796114313931,100.0,0,1.9972054018685712,0.3195346110588,83.81265829504186,276.666306328,0.12314260005950928,0.1494743824005127,3
rebs,-107.9400004016632,93.52538308464563,-4.121546423365278,100.0,0,1.9621981255200371,0.3125817037226715,88.81748947914365,286.2209534,0.12155365943908691,0.14031982421875,4
rebs,-132.34900935916082,95.50935029143379,4.058441248572936,100.0,0,1.9892721097816124,0.31828353756505806,90.38604780819952,290.68145450000003,0.1380927562713623,0.17249226570129395,5
rebs,-102.34615494802166,93.76742582096594,3.978065001502183,100.0,0,1.91048108847838,0.3080566413739173,85.94020052483135,288.4468375,0.1284576654434204,0.1549208164215088,6
rebs,-170.06922605748866,111.65469200676613,6.139880206640273,100.0,0,1.94730844225,0.3115693507599998,98.50500757863077,323.19660514000003,0.11544275283813477,0.13452363014221191,7
rebs,-124.47553610955899,96.46695056845007,-5.8779003325745345,80.0,2,1.9009149391340747,0.3079722052321781,89.73031761951245,298.7705769672,0.12909328937530518,0.15710067749023438,8
rebs,-106.74638941022039,97.09852938139883,7.424341836670305,100.0,0,1.9397628833945972,0.3079947554692797,94.8841184017982,313.1977112,0.15063726902008057,0.2006983757019043,9
rebs,-109.6908738556551,93.98244701696714,18.653811807273694,100.0,0,1.9419893301489999,0.3084353859065334,91.57158868711882,294.048803482,0.12383377552032471,0.15210556983947754,10
rebs,-107.74810273176477,93.17132494516913,15.751691922364031,100.0,0,1.9105497827290001,0.3080644204771334,91.41424548253815,301.1308262795,0.11477911472320557,0.1350722312927246,11
rebs,-107.04458930085595,93.43935282238138,10.766586718034032,90.0,1,1.9397721412141131,0.3079963173870972,89.97657685996292,299.72639025,0.11171317100524902,0.14151358604431152,12
rebs,-144.3219698039167,101.2792658834749,-4.407280993317365,90.0,1,1.9341099217857143,0.3077369879733333,86.99747816128583,287.84176372495,0.1166771650314331,0.14114928245544434,13
rebs,-89.67659783640617,86.81384694596315,16.00238244612656,90.0,1,1.9252235415872123,0.30803576665395405,89.1707004706483,291.2021955,0.12463498115539551,0.1492481231689453,14
rebs,-160.94885624553345,104.975117859524,-21.879768753348912,100.0,0,1.924878296808125,0.30798052748929994,83.31991564629178,274.03428385850003,0.1170957088470459,0.14143776893615723,15
rebs,-145.81993374530472,100.41096696943073,-17.19158472854802,100.0,0,1.997746800285237,0.319674516337911,83.70884225016934,277.1552901645,0.11992263793945312,0.14263081550598145,16
rebs,-140.88463804367098,100.81792131168713,-27.115088751549468,100.0,0,1.9346424184830715,0.30788628498017356,82.22223072811062,274.250849285,0.12081015110015869,0.1513063907623291,17
rebs,-105.06051315610067,91.86416615423882,10.246325038702299,100.0,0,1.9382799972723077,0.3077970699064477,83.98185662560195,282.69706175,0.11618506908416748,0.1226806640625,18
rebs,-116.0547026138694,94.24484206621321,-0.13765534574026483,100.0,0,1.997609952358865,0.3196692014038238,100.17805525171521,321.1766250615,0.1317986249923706,0.16831469535827637,19
rebs,-125.48851418860231,95.5113441385853,5.915556709348765,100.0,0,1.9254396878100002,0.30807035004960026,84.90663819125136,276.853675754,0.11117935180664062,0.13633012771606445,20
